,filename,time_rel(sec)
0,AZ.PFO..HHZ_2010-10-13T12_01_07_shifted.mseed,18.6
1,AZ.PFO..HHZ_2013-10-14T12_31_52_shifted.mseed,282.21
2,AZ.PFO..HHZ_2018-09-08T05_33_12_shifted.mseed,224.54
3,AZ.PFO..HHZ_2018-03-16T04_01_28_shifted.mseed,396.66
4,AZ.PFO..HHZ_2010-02-20T04_02_20_shifted.mseed,294.49
5,AZ.PFO..HHZ_2012-04-22T16_11_58_shifted.mseed,46.28
6,AZ.PFO..HHZ_2018-04-02T13_44_36_shifted.mseed,349.4
7,AZ.PFO..HHZ_2015-10-28T23_59_23_shifted.mseed,321.18
8,AZ.PFO..HHZ_2009-03-19T12_05_13_shifted.mseed,216.06
9,AZ.PFO..HHZ_2010-07-07T23_46_58_shifted.mseed,283.76
10,AZ.PFO..HHZ_2017-07-10T17_36_05_shifted.mseed,138.91
11,AZ.PFO..HHZ_2007-09-23T08_07_20_shifted.mseed,208.42
12,AZ.PFO..HHZ_2011-01-01T00_27_45_shifted.mseed,269.23
13,AZ.PFO..HHZ_2013-06-24T22_03_01_shifted.mseed,51.22
14,AZ.PFO..HHZ_2013-09-18T12_47_09_shifted.mseed,210.21
15,AZ.PFO..HHZ_2010-04-28T21_22_46_shifted.mseed,316.52
16,AZ.PFO..HHZ_2011-12-26T12_25_48_shifted.mseed,49.8
17,AZ.PFO..HHZ_2005-11-14T21_53_48_shifted.mseed,185.85
18,AZ.PFO..HHZ_2012-08-26T23_27_04_shifted.mseed,129.75
19,AZ.PFO..HHZ_2013-09-04T03_58_19_shifted.mseed,279.15
20,AZ.PFO..HHZ_2011-10-18T16_13_12_shifted.mseed,337.58
21,AZ.PFO..HHZ_2011-04-14T05_42_24_shifted.mseed,197.53
22,AZ.PFO..HHZ_2009-03-24T23_36_47_shifted.mseed,349.98
23,AZ.PFO..HHZ_2017-04-14T14_08_09_shifted.mseed,154.82
24,AZ.PFO..HHZ_2011-03-18T20_55_58_shifted.mseed,37.73
25,AZ.PFO..HHZ_2012-08-27T02_46_51_shifted.mseed,325.2
26,AZ.PFO..HHZ_2006-12-05T19_34_03_shifted.mseed,140.59
27,AZ.PFO..HHZ_2012-02-12T09_30_18_shifted.mseed,7.55
28,AZ.PFO..HHZ_2014-04-03T17_51_34_shifted.mseed,185.82
29,AZ.PFO..HHZ_2016-06-20T04_14_49_shifted.mseed,170.02
30,AZ.PFO..HHZ_2010-04-16T08_54_41_shifted.mseed,159.9
31,AZ.PFO..HHZ_2009-11-18T00_37_36_shifted.mseed,104.2
32,AZ.PFO..HHZ_2016-09-27T05_46_24_shifted.mseed,320.16
33,AZ.PFO..HHZ_2016-12-31T23_19_06_shifted.mseed,248.56
34,AZ.PFO..HHZ_2010-04-05T17_20_21_shifted.mseed,275.19
35,AZ.PFO..HHZ_2007-04-18T02_40_40_shifted.mseed,380.73
36,AZ.PFO..HHZ_2016-06-15T07_34_42_shifted.mseed,11.65
37,AZ.PFO..HHZ_2012-08-26T19_14_41_shifted.mseed,225.6
38,AZ.PFO..HHZ_2008-06-02T04_53_05_shifted.mseed,324.55
39,AZ.PFO..HHZ_2015-12-10T08_11_08_shifted.mseed,299.24
40,AZ.PFO..HHZ_2010-03-13T16_26_03_shifted.mseed,192.14
41,AZ.PFO..HHZ_2005-08-31T22_39_25_shifted.mseed,151.23
42,AZ.PFO..HHZ_2009-03-25T19_53_16_shifted.mseed,11.08
43,AZ.PFO..HHZ_2011-09-27T20_11_15_shifted.mseed,4.35
44,AZ.PFO..HHZ_2016-12-31T21_43_18_shifted.mseed,66.01
45,AZ.PFO..HHZ_2006-11-29T21_19_54_shifted.mseed,215.08
46,AZ.PFO..HHZ_2014-07-24T19_13_48_shifted.mseed,124.01
47,AZ.PFO..HHZ_2017-03-14T17_07_35_shifted.mseed,261.26
48,AZ.PFO..HHZ_2016-09-27T02_59_47_shifted.mseed,83.83
49,AZ.PFO..HHZ_2012-08-26T22_45_47_shifted.mseed,119.96
50,AZ.PFO..HHZ_2012-08-26T19_51_54_shifted.mseed,338.88
51,AZ.PFO..HHZ_2015-07-10T17_58_15_shifted.mseed,144.92
52,AZ.PFO..HHZ_2012-07-04T08_58_08_shifted.mseed,389.05
53,AZ.PFO..HHZ_2015-10-14T13_49_03_shifted.mseed,320.06
54,AZ.PFO..HHZ_2013-06-03T12_37_09_shifted.mseed,11.26
55,AZ.PFO..HHZ_2018-05-13T11_59_21_shifted.mseed,224.32
56,AZ.PFO..HHZ_2016-09-26T23_27_10_shifted.mseed,52.13
57,AZ.PFO..HHZ_2011-11-14T04_52_52_shifted.mseed,170.52
58,AZ.PFO..HHZ_2013-01-17T02_03_35_shifted.mseed,373.04
59,AZ.PFO..HHZ_2012-08-26T16_55_50_shifted.mseed,375.76
60,AZ.PFO..HHZ_2017-01-01T01_36_14_shifted.mseed,322.23
61,AZ.PFO..HHZ_2012-09-10T15_38_14_shifted.mseed,78.68
62,AZ.PFO..HHZ_2014-12-24T05_45_26_shifted.mseed,56.93
63,AZ.PFO..HHZ_2010-12-21T10_55_22_shifted.mseed,390.2
64,AZ.PFO..HHZ_2017-12-07T00_26_44_shifted.mseed,154.91
65,AZ.PFO..HHZ_2013-04-07T19_07_29_shifted.mseed,86.69
66,AZ.PFO..HHZ_2013-08-16T03_47_07_shifted.mseed,96.0
67,AZ.PFO..HHZ_2016-12-31T22_36_05_shifted.mseed,58.74
68,AZ.PFO..HHZ_2011-06-23T19_04_52_shifted.mseed,373.72
69,AZ.PFO..HHZ_2010-06-13T03_02_44_shifted.mseed,165.62
70,AZ.PFO..HHZ_2017-04-07T06_14_17_shifted.mseed,309.76
71,AZ.PFO..HHZ_2005-06-12T15_35_08_shifted.mseed,128.32
72,AZ.PFO..HHZ_2012-08-26T21_47_55_shifted.mseed,383.95
73,AZ.PFO..HHZ_2010-02-17T04_58_28_shifted.mseed,202.43
74,AZ.PFO..HHZ_2005-08-31T16_12_24_shifted.mseed,378.31
75,AZ.PFO..HHZ_2010-03-01T06_14_49_shifted.mseed,204.06
76,AZ.PFO..HHZ_2016-08-31T06_57_42_shifted.mseed,165.57
77,AZ.PFO..HHZ_2017-05-15T18_36_40_shifted.mseed,210.86
78,AZ.PFO..HHZ_2014-10-25T11_01_11_shifted.mseed,334.52
79,AZ.PFO..HHZ_2016-08-21T20_02_53_shifted.mseed,115.88
80,AZ.PFO..HHZ_2016-01-06T14_36_04_shifted.mseed,202.91
81,AZ.PFO..HHZ_2018-12-27T01_08_36_shifted.mseed,149.59
82,AZ.PFO..HHZ_2010-02-13T16_28_17_shifted.mseed,378.28
83,AZ.PFO..HHZ_2013-05-17T04_31_50_shifted.mseed,79.01
84,AZ.PFO..HHZ_2014-07-05T16_53_08_shifted.mseed,16.98
85,AZ.PFO..HHZ_2018-02-11T08_56_04_shifted.mseed,166.12
86,AZ.PFO..HHZ_2008-09-03T17_57_38_shifted.mseed,26.75
87,AZ.PFO..HHZ_2016-10-31T10_34_44_shifted.mseed,316.72
88,AZ.PFO..HHZ_2012-08-26T20_51_36_shifted.mseed,163.6
89,AZ.PFO..HHZ_2017-06-16T14_08_11_shifted.mseed,209.79
